Rlist,Plist,name,value
1,1,v,2.39451905144451
1,1,a,1.14320020339444
1,10,v,2.38612007530232
1,10,a,1.28358079989835
10,1,v,2.61495282740697
10,1,a,1.02988369245605
10,10,v,2.62148728570077
10,10,a,1.15123366328454
